sample-id,absolute-filepath,direction
E001,/users/asorgen/SEQUENCES/16S_fastq/environ/EnvSample-001-L006_R2_001.fastq.gz,reverse
E001,/users/asorgen/SEQUENCES/16S_fastq/environ/EnvSample-001-L006_R1_001.fastq.gz,forward
E002,/users/asorgen/SEQUENCES/16S_fastq/environ/EnvSample-002-L006_R2_001.fastq.gz,reverse
E002,/users/asorgen/SEQUENCES/16S_fastq/environ/EnvSample-002-L006_R1_001.fastq.gz,forward
E003,/users/asorgen/SEQUENCES/16S_fastq/environ/EnvSample-003-L006_R2_001.fastq.gz,reverse
E003,/users/asorgen/SEQUENCES/16S_fastq/environ/EnvSample-003-L006_R1_001.fastq.gz,forward
E004,/users/asorgen/SEQUENCES/16S_fastq/environ/EnvSample-004-L006_R2_001.fastq.gz,reverse
E004,/users/asorgen/SEQUENCES/16S_fastq/environ/EnvSample-004-L006_R1_001.fastq.gz,forward
E005,/users/asorgen/SEQUENCES/16S_fastq/environ/EnvSample-005-L006_R2_001.fastq.gz,reverse
E005,/users/asorgen/SEQUENCES/16S_fastq/environ/EnvSample-005-L006_R1_001.fastq.gz,forward
E006,/users/asorgen/SEQUENCES/16S_fastq/environ/EnvSample-006-L006_R2_001.fastq.gz,reverse
E006,/users/asorgen/SEQUENCES/16S_fastq/environ/EnvSample-006-L006_R1_001.fastq.gz,forward
E007,/users/asorgen/SEQUENCES/16S_fastq/environ/EnvSample-007-L006_R2_001.fastq.gz,reverse
E007,/users/asorgen/SEQUENCES/16S_fastq/environ/EnvSample-007-L006_R1_001.fastq.gz,forward
E008,/users/asorgen/SEQUENCES/16S_fastq/environ/EnvSample-008-L006_R2_001.fastq.gz,reverse
E008,/users/asorgen/SEQUENCES/16S_fastq/environ/EnvSample-008-L006_R1_001.fastq.gz,forward
E009,/users/asorgen/SEQUENCES/16S_fastq/environ/EnvSample-009-L006_R2_001.fastq.gz,reverse
E009,/users/asorgen/SEQUENCES/16S_fastq/environ/EnvSample-009-L006_R1_001.fastq.gz,forward
E010,/users/asorgen/SEQUENCES/16S_fastq/environ/EnvSample-010-L006_R2_001.fastq.gz,reverse
E010,/users/asorgen/SEQUENCES/16S_fastq/environ/EnvSample-010-L006_R1_001.fastq.gz,forward
E011,/users/asorgen/SEQUENCES/16S_fastq/environ/EnvSample-011-L006_R2_001.fastq.gz,reverse
E011,/users/asorgen/SEQUENCES/16S_fastq/environ/EnvSample-011-L006_R1_001.fastq.gz,forward
E012,/users/asorgen/SEQUENCES/16S_fastq/environ/EnvSample-012-L006_R2_001.fastq.gz,reverse
E012,/users/asorgen/SEQUENCES/16S_fastq/environ/EnvSample-012-L006_R1_001.fastq.gz,forward
E013,/users/asorgen/SEQUENCES/16S_fastq/environ/EnvSample-013-L006_R2_001.fastq.gz,reverse
E013,/users/asorgen/SEQUENCES/16S_fastq/environ/EnvSample-013-L006_R1_001.fastq.gz,forward
E014,/users/asorgen/SEQUENCES/16S_fastq/environ/EnvSample-014-L006_R2_001.fastq.gz,reverse
E014,/users/asorgen/SEQUENCES/16S_fastq/environ/EnvSample-014-L006_R1_001.fastq.gz,forward
E015,/users/asorgen/SEQUENCES/16S_fastq/environ/EnvSample-015-L006_R2_001.fastq.gz,reverse
E015,/users/asorgen/SEQUENCES/16S_fastq/environ/EnvSample-015-L006_R1_001.fastq.gz,forward
E016,/users/asorgen/SEQUENCES/16S_fastq/environ/EnvSample-016-L006_R2_001.fastq.gz,reverse
E016,/users/asorgen/SEQUENCES/16S_fastq/environ/EnvSample-016-L006_R1_001.fastq.gz,forward
E017,/users/asorgen/SEQUENCES/16S_fastq/environ/EnvSample-017-L006_R2_001.fastq.gz,reverse
E017,/users/asorgen/SEQUENCES/16S_fastq/environ/EnvSample-017-L006_R1_001.fastq.gz,forward
E018,/users/asorgen/SEQUENCES/16S_fastq/environ/EnvSample-018-L006_R2_001.fastq.gz,reverse
E018,/users/asorgen/SEQUENCES/16S_fastq/environ/EnvSample-018-L006_R1_001.fastq.gz,forward
E019,/users/asorgen/SEQUENCES/16S_fastq/environ/EnvSample-019-L006_R2_001.fastq.gz,reverse
E019,/users/asorgen/SEQUENCES/16S_fastq/environ/EnvSample-019-L006_R1_001.fastq.gz,forward
E020,/users/asorgen/SEQUENCES/16S_fastq/environ/EnvSample-020-L006_R2_001.fastq.gz,reverse
E020,/users/asorgen/SEQUENCES/16S_fastq/environ/EnvSample-020-L006_R1_001.fastq.gz,forward
E021,/users/asorgen/SEQUENCES/16S_fastq/environ/EnvSample-021-L006_R2_001.fastq.gz,reverse
E021,/users/asorgen/SEQUENCES/16S_fastq/environ/EnvSample-021-L006_R1_001.fastq.gz,forward
E022,/users/asorgen/SEQUENCES/16S_fastq/environ/EnvSample-022-L006_R2_001.fastq.gz,reverse
E022,/users/asorgen/SEQUENCES/16S_fastq/environ/EnvSample-022-L006_R1_001.fastq.gz,forward
E023,/users/asorgen/SEQUENCES/16S_fastq/environ/EnvSample-023-L006_R2_001.fastq.gz,reverse
E023,/users/asorgen/SEQUENCES/16S_fastq/environ/EnvSample-023-L006_R1_001.fastq.gz,forward
E024,/users/asorgen/SEQUENCES/16S_fastq/environ/EnvSample-024-L006_R2_001.fastq.gz,reverse
E024,/users/asorgen/SEQUENCES/16S_fastq/environ/EnvSample-024-L006_R1_001.fastq.gz,forward
E025,/users/asorgen/SEQUENCES/16S_fastq/environ/EnvSample-025-L006_R2_001.fastq.gz,reverse
E025,/users/asorgen/SEQUENCES/16S_fastq/environ/EnvSample-025-L006_R1_001.fastq.gz,forward
E026,/users/asorgen/SEQUENCES/16S_fastq/environ/EnvSample-026-L006_R2_001.fastq.gz,reverse
E026,/users/asorgen/SEQUENCES/16S_fastq/environ/EnvSample-026-L006_R1_001.fastq.gz,forward
E027,/users/asorgen/SEQUENCES/16S_fastq/environ/EnvSample-027-L006_R2_001.fastq.gz,reverse
E027,/users/asorgen/SEQUENCES/16S_fastq/environ/EnvSample-027-L006_R1_001.fastq.gz,forward
E028,/users/asorgen/SEQUENCES/16S_fastq/environ/EnvSample-028-L006_R2_001.fastq.gz,reverse
E028,/users/asorgen/SEQUENCES/16S_fastq/environ/EnvSample-028-L006_R1_001.fastq.gz,forward
E029,/users/asorgen/SEQUENCES/16S_fastq/environ/EnvSample-029-L006_R2_001.fastq.gz,reverse
E029,/users/asorgen/SEQUENCES/16S_fastq/environ/EnvSample-029-L006_R1_001.fastq.gz,forward
E030,/users/asorgen/SEQUENCES/16S_fastq/environ/EnvSample-030-L006_R2_001.fastq.gz,reverse
E030,/users/asorgen/SEQUENCES/16S_fastq/environ/EnvSample-030-L006_R1_001.fastq.gz,forward
E031,/users/asorgen/SEQUENCES/16S_fastq/environ/EnvSample-031-L006_R2_001.fastq.gz,reverse
E031,/users/asorgen/SEQUENCES/16S_fastq/environ/EnvSample-031-L006_R1_001.fastq.gz,forward
E032,/users/asorgen/SEQUENCES/16S_fastq/environ/EnvSample-032-L006_R2_001.fastq.gz,reverse
E032,/users/asorgen/SEQUENCES/16S_fastq/environ/EnvSample-032-L006_R1_001.fastq.gz,forward
E033,/users/asorgen/SEQUENCES/16S_fastq/environ/EnvSample-033-L006_R2_001.fastq.gz,reverse
E033,/users/asorgen/SEQUENCES/16S_fastq/environ/EnvSample-033-L006_R1_001.fastq.gz,forward
E034,/users/asorgen/SEQUENCES/16S_fastq/environ/EnvSample-034-L006_R2_001.fastq.gz,reverse
E034,/users/asorgen/SEQUENCES/16S_fastq/environ/EnvSample-034-L006_R1_001.fastq.gz,forward
E035,/users/asorgen/SEQUENCES/16S_fastq/environ/EnvSample-035-L006_R2_001.fastq.gz,reverse
E035,/users/asorgen/SEQUENCES/16S_fastq/environ/EnvSample-035-L006_R1_001.fastq.gz,forward
E036,/users/asorgen/SEQUENCES/16S_fastq/environ/EnvSample-036-L006_R2_001.fastq.gz,reverse
E036,/users/asorgen/SEQUENCES/16S_fastq/environ/EnvSample-036-L006_R1_001.fastq.gz,forward
E037,/users/asorgen/SEQUENCES/16S_fastq/environ/EnvSample-037-L006_R2_001.fastq.gz,reverse
E037,/users/asorgen/SEQUENCES/16S_fastq/environ/EnvSample-037-L006_R1_001.fastq.gz,forward
E038,/users/asorgen/SEQUENCES/16S_fastq/environ/EnvSample-038-L006_R2_001.fastq.gz,reverse
E038,/users/asorgen/SEQUENCES/16S_fastq/environ/EnvSample-038-L006_R1_001.fastq.gz,forward
E039,/users/asorgen/SEQUENCES/16S_fastq/environ/EnvSample-039-L006_R2_001.fastq.gz,reverse
E039,/users/asorgen/SEQUENCES/16S_fastq/environ/EnvSample-039-L006_R1_001.fastq.gz,forward
E040,/users/asorgen/SEQUENCES/16S_fastq/environ/EnvSample-040-L006_R2_001.fastq.gz,reverse
E040,/users/asorgen/SEQUENCES/16S_fastq/environ/EnvSample-040-L006_R1_001.fastq.gz,forward
E041,/users/asorgen/SEQUENCES/16S_fastq/environ/EnvSample-041-L006_R2_001.fastq.gz,reverse
E041,/users/asorgen/SEQUENCES/16S_fastq/environ/EnvSample-041-L006_R1_001.fastq.gz,forward
E042,/users/asorgen/SEQUENCES/16S_fastq/environ/EnvSample-042-L006_R2_001.fastq.gz,reverse
E042,/users/asorgen/SEQUENCES/16S_fastq/environ/EnvSample-042-L006_R1_001.fastq.gz,forward
E043,/users/asorgen/SEQUENCES/16S_fastq/environ/EnvSample-043-L006_R2_001.fastq.gz,reverse
E043,/users/asorgen/SEQUENCES/16S_fastq/environ/EnvSample-043-L006_R1_001.fastq.gz,forward
E044,/users/asorgen/SEQUENCES/16S_fastq/environ/EnvSample-044-L006_R2_001.fastq.gz,reverse
E044,/users/asorgen/SEQUENCES/16S_fastq/environ/EnvSample-044-L006_R1_001.fastq.gz,forward
E045,/users/asorgen/SEQUENCES/16S_fastq/environ/EnvSample-045-L006_R2_001.fastq.gz,reverse
E045,/users/asorgen/SEQUENCES/16S_fastq/environ/EnvSample-045-L006_R1_001.fastq.gz,forward
E046,/users/asorgen/SEQUENCES/16S_fastq/environ/EnvSample-046-L006_R2_001.fastq.gz,reverse
E046,/users/asorgen/SEQUENCES/16S_fastq/environ/EnvSample-046-L006_R1_001.fastq.gz,forward
E047,/users/asorgen/SEQUENCES/16S_fastq/environ/EnvSample-047-L006_R2_001.fastq.gz,reverse
E047,/users/asorgen/SEQUENCES/16S_fastq/environ/EnvSample-047-L006_R1_001.fastq.gz,forward
E048,/users/asorgen/SEQUENCES/16S_fastq/environ/EnvSample-048-L006_R2_001.fastq.gz,reverse
E048,/users/asorgen/SEQUENCES/16S_fastq/environ/EnvSample-048-L006_R1_001.fastq.gz,forward
E049,/users/asorgen/SEQUENCES/16S_fastq/environ/EnvSample-049-L006_R2_001.fastq.gz,reverse
E049,/users/asorgen/SEQUENCES/16S_fastq/environ/EnvSample-049-L006_R1_001.fastq.gz,forward
E050,/users/asorgen/SEQUENCES/16S_fastq/environ/EnvSample-050-L006_R2_001.fastq.gz,reverse
E050,/users/asorgen/SEQUENCES/16S_fastq/environ/EnvSample-050-L006_R1_001.fastq.gz,forward
E051,/users/asorgen/SEQUENCES/16S_fastq/environ/EnvSample-051-L006_R2_001.fastq.gz,reverse
E051,/users/asorgen/SEQUENCES/16S_fastq/environ/EnvSample-051-L006_R1_001.fastq.gz,forward
E052,/users/asorgen/SEQUENCES/16S_fastq/environ/EnvSample-052-L006_R2_001.fastq.gz,reverse
E052,/users/asorgen/SEQUENCES/16S_fastq/environ/EnvSample-052-L006_R1_001.fastq.gz,forward
E053,/users/asorgen/SEQUENCES/16S_fastq/environ/EnvSample-053-L006_R2_001.fastq.gz,reverse
E053,/users/asorgen/SEQUENCES/16S_fastq/environ/EnvSample-053-L006_R1_001.fastq.gz,forward
E054,/users/asorgen/SEQUENCES/16S_fastq/environ/EnvSample-054-L006_R2_001.fastq.gz,reverse
E054,/users/asorgen/SEQUENCES/16S_fastq/environ/EnvSample-054-L006_R1_001.fastq.gz,forward
E055,/users/asorgen/SEQUENCES/16S_fastq/environ/EnvSample-055-L006_R2_001.fastq.gz,reverse
E055,/users/asorgen/SEQUENCES/16S_fastq/environ/EnvSample-055-L006_R1_001.fastq.gz,forward
E056,/users/asorgen/SEQUENCES/16S_fastq/environ/EnvSample-056-L006_R2_001.fastq.gz,reverse
E056,/users/asorgen/SEQUENCES/16S_fastq/environ/EnvSample-056-L006_R1_001.fastq.gz,forward
E057,/users/asorgen/SEQUENCES/16S_fastq/environ/EnvSample-057-L006_R2_001.fastq.gz,reverse
E057,/users/asorgen/SEQUENCES/16S_fastq/environ/EnvSample-057-L006_R1_001.fastq.gz,forward
E058,/users/asorgen/SEQUENCES/16S_fastq/environ/EnvSample-058-L006_R2_001.fastq.gz,reverse
E058,/users/asorgen/SEQUENCES/16S_fastq/environ/EnvSample-058-L006_R1_001.fastq.gz,forward
E059,/users/asorgen/SEQUENCES/16S_fastq/environ/EnvSample-059-L006_R2_001.fastq.gz,reverse
E059,/users/asorgen/SEQUENCES/16S_fastq/environ/EnvSample-059-L006_R1_001.fastq.gz,forward
E060,/users/asorgen/SEQUENCES/16S_fastq/environ/EnvSample-060-L006_R2_001.fastq.gz,reverse
E060,/users/asorgen/SEQUENCES/16S_fastq/environ/EnvSample-060-L006_R1_001.fastq.gz,forward
E061,/users/asorgen/SEQUENCES/16S_fastq/environ/EnvSample-061-L006_R2_001.fastq.gz,reverse
E061,/users/asorgen/SEQUENCES/16S_fastq/environ/EnvSample-061-L006_R1_001.fastq.gz,forward
E062,/users/asorgen/SEQUENCES/16S_fastq/environ/EnvSample-062-L006_R2_001.fastq.gz,reverse
E062,/users/asorgen/SEQUENCES/16S_fastq/environ/EnvSample-062-L006_R1_001.fastq.gz,forward
E063,/users/asorgen/SEQUENCES/16S_fastq/environ/EnvSample-063-L006_R2_001.fastq.gz,reverse
E063,/users/asorgen/SEQUENCES/16S_fastq/environ/EnvSample-063-L006_R1_001.fastq.gz,forward
E064,/users/asorgen/SEQUENCES/16S_fastq/environ/EnvSample-064-L006_R2_001.fastq.gz,reverse
E064,/users/asorgen/SEQUENCES/16S_fastq/environ/EnvSample-064-L006_R1_001.fastq.gz,forward
E065,/users/asorgen/SEQUENCES/16S_fastq/environ/EnvSample-065-L006_R2_001.fastq.gz,reverse
E065,/users/asorgen/SEQUENCES/16S_fastq/environ/EnvSample-065-L006_R1_001.fastq.gz,forward
E066,/users/asorgen/SEQUENCES/16S_fastq/environ/EnvSample-066-L006_R2_001.fastq.gz,reverse
E066,/users/asorgen/SEQUENCES/16S_fastq/environ/EnvSample-066-L006_R1_001.fastq.gz,forward
E067,/users/asorgen/SEQUENCES/16S_fastq/environ/EnvSample-067-L006_R2_001.fastq.gz,reverse
E067,/users/asorgen/SEQUENCES/16S_fastq/environ/EnvSample-067-L006_R1_001.fastq.gz,forward
E068,/users/asorgen/SEQUENCES/16S_fastq/environ/EnvSample-068-L006_R2_001.fastq.gz,reverse
E068,/users/asorgen/SEQUENCES/16S_fastq/environ/EnvSample-068-L006_R1_001.fastq.gz,forward
E069,/users/asorgen/SEQUENCES/16S_fastq/environ/EnvSample-069-L006_R2_001.fastq.gz,reverse
E069,/users/asorgen/SEQUENCES/16S_fastq/environ/EnvSample-069-L006_R1_001.fastq.gz,forward
E070,/users/asorgen/SEQUENCES/16S_fastq/environ/EnvSample-070-L006_R2_001.fastq.gz,reverse
E070,/users/asorgen/SEQUENCES/16S_fastq/environ/EnvSample-070-L006_R1_001.fastq.gz,forward
E073,/users/asorgen/SEQUENCES/16S_fastq/environ/EnvSample-073-L006_R2_001.fastq.gz,reverse
E073,/users/asorgen/SEQUENCES/16S_fastq/environ/EnvSample-073-L006_R1_001.fastq.gz,forward
E074,/users/asorgen/SEQUENCES/16S_fastq/environ/EnvSample-074-L006_R2_001.fastq.gz,reverse
E074,/users/asorgen/SEQUENCES/16S_fastq/environ/EnvSample-074-L006_R1_001.fastq.gz,forward
E075,/users/asorgen/SEQUENCES/16S_fastq/environ/EnvSample-075-L006_R2_001.fastq.gz,reverse
E075,/users/asorgen/SEQUENCES/16S_fastq/environ/EnvSample-075-L006_R1_001.fastq.gz,forward
E076,/users/asorgen/SEQUENCES/16S_fastq/environ/EnvSample-076-L006_R2_001.fastq.gz,reverse
E076,/users/asorgen/SEQUENCES/16S_fastq/environ/EnvSample-076-L006_R1_001.fastq.gz,forward
E077,/users/asorgen/SEQUENCES/16S_fastq/environ/EnvSample-077-L006_R2_001.fastq.gz,reverse
E077,/users/asorgen/SEQUENCES/16S_fastq/environ/EnvSample-077-L006_R1_001.fastq.gz,forward
E078,/users/asorgen/SEQUENCES/16S_fastq/environ/EnvSample-078-L006_R2_001.fastq.gz,reverse
E078,/users/asorgen/SEQUENCES/16S_fastq/environ/EnvSample-078-L006_R1_001.fastq.gz,forward
C009,/users/asorgen/SEQUENCES/16S_fastq/culture/CulSample-009-L001_R2_001.fastq.gz,reverse
C001,/users/asorgen/SEQUENCES/16S_fastq/culture/CulSample-001-L004_R1_001.fastq.gz,forward
C099,/users/asorgen/SEQUENCES/16S_fastq/culture/CulSample-099-L002_R2_001.fastq.gz,reverse
C002,/users/asorgen/SEQUENCES/16S_fastq/culture/CulSample-002-L004_R1_001.fastq.gz,forward
C098,/users/asorgen/SEQUENCES/16S_fastq/culture/CulSample-098-L002_R2_001.fastq.gz,reverse
C003,/users/asorgen/SEQUENCES/16S_fastq/culture/CulSample-003-L004_R1_001.fastq.gz,forward
C097,/users/asorgen/SEQUENCES/16S_fastq/culture/CulSample-097-L002_R2_001.fastq.gz,reverse
C004,/users/asorgen/SEQUENCES/16S_fastq/culture/CulSample-004-L004_R1_001.fastq.gz,forward
C096,/users/asorgen/SEQUENCES/16S_fastq/culture/CulSample-096-L002_R2_001.fastq.gz,reverse
C005,/users/asorgen/SEQUENCES/16S_fastq/culture/CulSample-005-L004_R1_001.fastq.gz,forward
C095,/users/asorgen/SEQUENCES/16S_fastq/culture/CulSample-095-L002_R2_001.fastq.gz,reverse
C006,/users/asorgen/SEQUENCES/16S_fastq/culture/CulSample-006-L004_R1_001.fastq.gz,forward
C094,/users/asorgen/SEQUENCES/16S_fastq/culture/CulSample-094-L001_R2_001.fastq.gz,reverse
C007,/users/asorgen/SEQUENCES/16S_fastq/culture/CulSample-007-L004_R1_001.fastq.gz,forward
C093,/users/asorgen/SEQUENCES/16S_fastq/culture/CulSample-093-L001_R2_001.fastq.gz,reverse
C008,/users/asorgen/SEQUENCES/16S_fastq/culture/CulSample-008-L001_R1_001.fastq.gz,forward
C092,/users/asorgen/SEQUENCES/16S_fastq/culture/CulSample-092-L001_R2_001.fastq.gz,reverse
C009,/users/asorgen/SEQUENCES/16S_fastq/culture/CulSample-009-L001_R1_001.fastq.gz,forward
C091,/users/asorgen/SEQUENCES/16S_fastq/culture/CulSample-091-L001_R2_001.fastq.gz,reverse
C010b,/users/asorgen/SEQUENCES/16S_fastq/culture/CulSample-010b-L004_R1_001.fastq.gz,forward
C090,/users/asorgen/SEQUENCES/16S_fastq/culture/CulSample-090-L001_R2_001.fastq.gz,reverse
C010,/users/asorgen/SEQUENCES/16S_fastq/culture/CulSample-010-L004_R1_001.fastq.gz,forward
C008,/users/asorgen/SEQUENCES/16S_fastq/culture/CulSample-008-L001_R2_001.fastq.gz,reverse
C011,/users/asorgen/SEQUENCES/16S_fastq/culture/CulSample-011-L004_R1_001.fastq.gz,forward
C089,/users/asorgen/SEQUENCES/16S_fastq/culture/CulSample-089-L001_R2_001.fastq.gz,reverse
C013,/users/asorgen/SEQUENCES/16S_fastq/culture/CulSample-013-L004_R1_001.fastq.gz,forward
C088,/users/asorgen/SEQUENCES/16S_fastq/culture/CulSample-088-L001_R2_001.fastq.gz,reverse
C014,/users/asorgen/SEQUENCES/16S_fastq/culture/CulSample-014-L004_R1_001.fastq.gz,forward
C087,/users/asorgen/SEQUENCES/16S_fastq/culture/CulSample-087-L001_R2_001.fastq.gz,reverse
C015,/users/asorgen/SEQUENCES/16S_fastq/culture/CulSample-015-L001_R1_001.fastq.gz,forward
C084,/users/asorgen/SEQUENCES/16S_fastq/culture/CulSample-084-L001_R2_001.fastq.gz,reverse
C016,/users/asorgen/SEQUENCES/16S_fastq/culture/CulSample-016-L001_R1_001.fastq.gz,forward
C083,/users/asorgen/SEQUENCES/16S_fastq/culture/CulSample-083-L001_R2_001.fastq.gz,reverse
C017,/users/asorgen/SEQUENCES/16S_fastq/culture/CulSample-017-L001_R1_001.fastq.gz,forward
C082,/users/asorgen/SEQUENCES/16S_fastq/culture/CulSample-082-L001_R2_001.fastq.gz,reverse
C018,/users/asorgen/SEQUENCES/16S_fastq/culture/CulSample-018-L001_R1_001.fastq.gz,forward
C081,/users/asorgen/SEQUENCES/16S_fastq/culture/CulSample-081-L001_R2_001.fastq.gz,reverse
C019,/users/asorgen/SEQUENCES/16S_fastq/culture/CulSample-019-L001_R1_001.fastq.gz,forward
C080,/users/asorgen/SEQUENCES/16S_fastq/culture/CulSample-080-L001_R2_001.fastq.gz,reverse
C020,/users/asorgen/SEQUENCES/16S_fastq/culture/CulSample-020-L001_R1_001.fastq.gz,forward
C078,/users/asorgen/SEQUENCES/16S_fastq/culture/CulSample-078-L001_R2_001.fastq.gz,reverse
C021,/users/asorgen/SEQUENCES/16S_fastq/culture/CulSample-021-L001_R1_001.fastq.gz,forward
C077,/users/asorgen/SEQUENCES/16S_fastq/culture/CulSample-077-L001_R2_001.fastq.gz,reverse
C023,/users/asorgen/SEQUENCES/16S_fastq/culture/CulSample-023-L001_R1_001.fastq.gz,forward
C076,/users/asorgen/SEQUENCES/16S_fastq/culture/CulSample-076-L001_R2_001.fastq.gz,reverse
C024,/users/asorgen/SEQUENCES/16S_fastq/culture/CulSample-024-L001_R1_001.fastq.gz,forward
C074,/users/asorgen/SEQUENCES/16S_fastq/culture/CulSample-074-L001_R2_001.fastq.gz,reverse
C025,/users/asorgen/SEQUENCES/16S_fastq/culture/CulSample-025-L001_R1_001.fastq.gz,forward
C073,/users/asorgen/SEQUENCES/16S_fastq/culture/CulSample-073-L001_R2_001.fastq.gz,reverse
C026,/users/asorgen/SEQUENCES/16S_fastq/culture/CulSample-026-L001_R1_001.fastq.gz,forward
C072,/users/asorgen/SEQUENCES/16S_fastq/culture/CulSample-072-L001_R2_001.fastq.gz,reverse
C027,/users/asorgen/SEQUENCES/16S_fastq/culture/CulSample-027-L001_R1_001.fastq.gz,forward
C071,/users/asorgen/SEQUENCES/16S_fastq/culture/CulSample-071-L001_R2_001.fastq.gz,reverse
C028,/users/asorgen/SEQUENCES/16S_fastq/culture/CulSample-028-L001_R1_001.fastq.gz,forward
C070,/users/asorgen/SEQUENCES/16S_fastq/culture/CulSample-070-L001_R2_001.fastq.gz,reverse
C029,/users/asorgen/SEQUENCES/16S_fastq/culture/CulSample-029-L001_R1_001.fastq.gz,forward
C069,/users/asorgen/SEQUENCES/16S_fastq/culture/CulSample-069-L001_R2_001.fastq.gz,reverse
C030,/users/asorgen/SEQUENCES/16S_fastq/culture/CulSample-030-L001_R1_001.fastq.gz,forward
C067,/users/asorgen/SEQUENCES/16S_fastq/culture/CulSample-067-L001_R2_001.fastq.gz,reverse
C032,/users/asorgen/SEQUENCES/16S_fastq/culture/CulSample-032-L001_R1_001.fastq.gz,forward
C066,/users/asorgen/SEQUENCES/16S_fastq/culture/CulSample-066-L001_R2_001.fastq.gz,reverse
C033,/users/asorgen/SEQUENCES/16S_fastq/culture/CulSample-033-L001_R1_001.fastq.gz,forward
C065,/users/asorgen/SEQUENCES/16S_fastq/culture/CulSample-065-L001_R2_001.fastq.gz,reverse
C034,/users/asorgen/SEQUENCES/16S_fastq/culture/CulSample-034-L001_R1_001.fastq.gz,forward
C064,/users/asorgen/SEQUENCES/16S_fastq/culture/CulSample-064-L001_R2_001.fastq.gz,reverse
C035,/users/asorgen/SEQUENCES/16S_fastq/culture/CulSample-035-L001_R1_001.fastq.gz,forward
C062,/users/asorgen/SEQUENCES/16S_fastq/culture/CulSample-062-L001_R2_001.fastq.gz,reverse
C038,/users/asorgen/SEQUENCES/16S_fastq/culture/CulSample-038-L001_R1_001.fastq.gz,forward
C061,/users/asorgen/SEQUENCES/16S_fastq/culture/CulSample-061-L001_R2_001.fastq.gz,reverse
C039,/users/asorgen/SEQUENCES/16S_fastq/culture/CulSample-039-L001_R1_001.fastq.gz,forward
C060,/users/asorgen/SEQUENCES/16S_fastq/culture/CulSample-060-L001_R2_001.fastq.gz,reverse
C040,/users/asorgen/SEQUENCES/16S_fastq/culture/CulSample-040-L001_R1_001.fastq.gz,forward
C059,/users/asorgen/SEQUENCES/16S_fastq/culture/CulSample-059-L001_R2_001.fastq.gz,reverse
C041,/users/asorgen/SEQUENCES/16S_fastq/culture/CulSample-041-L001_R1_001.fastq.gz,forward
C058,/users/asorgen/SEQUENCES/16S_fastq/culture/CulSample-058-L001_R2_001.fastq.gz,reverse
C042,/users/asorgen/SEQUENCES/16S_fastq/culture/CulSample-042-L001_R1_001.fastq.gz,forward
C057,/users/asorgen/SEQUENCES/16S_fastq/culture/CulSample-057-L001_R2_001.fastq.gz,reverse
C043,/users/asorgen/SEQUENCES/16S_fastq/culture/CulSample-043-L001_R1_001.fastq.gz,forward
C055,/users/asorgen/SEQUENCES/16S_fastq/culture/CulSample-055-L001_R2_001.fastq.gz,reverse
C044,/users/asorgen/SEQUENCES/16S_fastq/culture/CulSample-044-L001_R1_001.fastq.gz,forward
C054,/users/asorgen/SEQUENCES/16S_fastq/culture/CulSample-054-L001_R2_001.fastq.gz,reverse
C045,/users/asorgen/SEQUENCES/16S_fastq/culture/CulSample-045-L001_R1_001.fastq.gz,forward
C053,/users/asorgen/SEQUENCES/16S_fastq/culture/CulSample-053-L001_R2_001.fastq.gz,reverse
C046,/users/asorgen/SEQUENCES/16S_fastq/culture/CulSample-046-L001_R1_001.fastq.gz,forward
C050,/users/asorgen/SEQUENCES/16S_fastq/culture/CulSample-050-L001_R2_001.fastq.gz,reverse
C047,/users/asorgen/SEQUENCES/16S_fastq/culture/CulSample-047-L001_R1_001.fastq.gz,forward
C049,/users/asorgen/SEQUENCES/16S_fastq/culture/CulSample-049-L001_R2_001.fastq.gz,reverse
C048,/users/asorgen/SEQUENCES/16S_fastq/culture/CulSample-048-L001_R1_001.fastq.gz,forward
C048,/users/asorgen/SEQUENCES/16S_fastq/culture/CulSample-048-L001_R2_001.fastq.gz,reverse
C049,/users/asorgen/SEQUENCES/16S_fastq/culture/CulSample-049-L001_R1_001.fastq.gz,forward
C047,/users/asorgen/SEQUENCES/16S_fastq/culture/CulSample-047-L001_R2_001.fastq.gz,reverse
C050,/users/asorgen/SEQUENCES/16S_fastq/culture/CulSample-050-L001_R1_001.fastq.gz,forward
C046,/users/asorgen/SEQUENCES/16S_fastq/culture/CulSample-046-L001_R2_001.fastq.gz,reverse
C053,/users/asorgen/SEQUENCES/16S_fastq/culture/CulSample-053-L001_R1_001.fastq.gz,forward
C045,/users/asorgen/SEQUENCES/16S_fastq/culture/CulSample-045-L001_R2_001.fastq.gz,reverse
C054,/users/asorgen/SEQUENCES/16S_fastq/culture/CulSample-054-L001_R1_001.fastq.gz,forward
C044,/users/asorgen/SEQUENCES/16S_fastq/culture/CulSample-044-L001_R2_001.fastq.gz,reverse
C055,/users/asorgen/SEQUENCES/16S_fastq/culture/CulSample-055-L001_R1_001.fastq.gz,forward
C043,/users/asorgen/SEQUENCES/16S_fastq/culture/CulSample-043-L001_R2_001.fastq.gz,reverse
C057,/users/asorgen/SEQUENCES/16S_fastq/culture/CulSample-057-L001_R1_001.fastq.gz,forward
C042,/users/asorgen/SEQUENCES/16S_fastq/culture/CulSample-042-L001_R2_001.fastq.gz,reverse
C058,/users/asorgen/SEQUENCES/16S_fastq/culture/CulSample-058-L001_R1_001.fastq.gz,forward
C041,/users/asorgen/SEQUENCES/16S_fastq/culture/CulSample-041-L001_R2_001.fastq.gz,reverse
C059,/users/asorgen/SEQUENCES/16S_fastq/culture/CulSample-059-L001_R1_001.fastq.gz,forward
C040,/users/asorgen/SEQUENCES/16S_fastq/culture/CulSample-040-L001_R2_001.fastq.gz,reverse
C060,/users/asorgen/SEQUENCES/16S_fastq/culture/CulSample-060-L001_R1_001.fastq.gz,forward
C039,/users/asorgen/SEQUENCES/16S_fastq/culture/CulSample-039-L001_R2_001.fastq.gz,reverse
C061,/users/asorgen/SEQUENCES/16S_fastq/culture/CulSample-061-L001_R1_001.fastq.gz,forward
C038,/users/asorgen/SEQUENCES/16S_fastq/culture/CulSample-038-L001_R2_001.fastq.gz,reverse
C062,/users/asorgen/SEQUENCES/16S_fastq/culture/CulSample-062-L001_R1_001.fastq.gz,forward
C035,/users/asorgen/SEQUENCES/16S_fastq/culture/CulSample-035-L001_R2_001.fastq.gz,reverse
C064,/users/asorgen/SEQUENCES/16S_fastq/culture/CulSample-064-L001_R1_001.fastq.gz,forward
C034,/users/asorgen/SEQUENCES/16S_fastq/culture/CulSample-034-L001_R2_001.fastq.gz,reverse
C065,/users/asorgen/SEQUENCES/16S_fastq/culture/CulSample-065-L001_R1_001.fastq.gz,forward
C033,/users/asorgen/SEQUENCES/16S_fastq/culture/CulSample-033-L001_R2_001.fastq.gz,reverse
C066,/users/asorgen/SEQUENCES/16S_fastq/culture/CulSample-066-L001_R1_001.fastq.gz,forward
C334b,/users/asorgen/SEQUENCES/16S_fastq/culture/CulSample-334-L004_R2_001.fastq.gz,reverse
C067,/users/asorgen/SEQUENCES/16S_fastq/culture/CulSample-067-L001_R1_001.fastq.gz,forward
C333b,/users/asorgen/SEQUENCES/16S_fastq/culture/CulSample-333-L004_R2_001.fastq.gz,reverse
C069,/users/asorgen/SEQUENCES/16S_fastq/culture/CulSample-069-L001_R1_001.fastq.gz,forward
C331,/users/asorgen/SEQUENCES/16S_fastq/culture/CulSample-331-L005_R2_001.fastq.gz,reverse
C070,/users/asorgen/SEQUENCES/16S_fastq/culture/CulSample-070-L001_R1_001.fastq.gz,forward
C330,/users/asorgen/SEQUENCES/16S_fastq/culture/CulSample-330-L005_R2_001.fastq.gz,reverse
C071,/users/asorgen/SEQUENCES/16S_fastq/culture/CulSample-071-L001_R1_001.fastq.gz,forward
C032,/users/asorgen/SEQUENCES/16S_fastq/culture/CulSample-032-L001_R2_001.fastq.gz,reverse
C072,/users/asorgen/SEQUENCES/16S_fastq/culture/CulSample-072-L001_R1_001.fastq.gz,forward
C326b,/users/asorgen/SEQUENCES/16S_fastq/culture/CulSample-326-L004_R2_001.fastq.gz,reverse
C073,/users/asorgen/SEQUENCES/16S_fastq/culture/CulSample-073-L001_R1_001.fastq.gz,forward
C323b,/users/asorgen/SEQUENCES/16S_fastq/culture/CulSample-323-L004_R2_001.fastq.gz,reverse
C074,/users/asorgen/SEQUENCES/16S_fastq/culture/CulSample-074-L001_R1_001.fastq.gz,forward
C322b,/users/asorgen/SEQUENCES/16S_fastq/culture/CulSample-322-L004_R2_001.fastq.gz,reverse
C076,/users/asorgen/SEQUENCES/16S_fastq/culture/CulSample-076-L001_R1_001.fastq.gz,forward
C321b,/users/asorgen/SEQUENCES/16S_fastq/culture/CulSample-321-L004_R2_001.fastq.gz,reverse
C077,/users/asorgen/SEQUENCES/16S_fastq/culture/CulSample-077-L001_R1_001.fastq.gz,forward
C320b,/users/asorgen/SEQUENCES/16S_fastq/culture/CulSample-320-L004_R2_001.fastq.gz,reverse
C078,/users/asorgen/SEQUENCES/16S_fastq/culture/CulSample-078-L001_R1_001.fastq.gz,forward
C319b,/users/asorgen/SEQUENCES/16S_fastq/culture/CulSample-319-L004_R2_001.fastq.gz,reverse
C080,/users/asorgen/SEQUENCES/16S_fastq/culture/CulSample-080-L001_R1_001.fastq.gz,forward
C317b,/users/asorgen/SEQUENCES/16S_fastq/culture/CulSample-317-L004_R2_001.fastq.gz,reverse
C081,/users/asorgen/SEQUENCES/16S_fastq/culture/CulSample-081-L001_R1_001.fastq.gz,forward
C316b,/users/asorgen/SEQUENCES/16S_fastq/culture/CulSample-316-L004_R2_001.fastq.gz,reverse
C082,/users/asorgen/SEQUENCES/16S_fastq/culture/CulSample-082-L001_R1_001.fastq.gz,forward
C314b,/users/asorgen/SEQUENCES/16S_fastq/culture/CulSample-314-L004_R2_001.fastq.gz,reverse
C083,/users/asorgen/SEQUENCES/16S_fastq/culture/CulSample-083-L001_R1_001.fastq.gz,forward
C313b,/users/asorgen/SEQUENCES/16S_fastq/culture/CulSample-313-L004_R2_001.fastq.gz,reverse
C084,/users/asorgen/SEQUENCES/16S_fastq/culture/CulSample-084-L001_R1_001.fastq.gz,forward
C030,/users/asorgen/SEQUENCES/16S_fastq/culture/CulSample-030-L001_R2_001.fastq.gz,reverse
C086,/users/asorgen/SEQUENCES/16S_fastq/culture/CulSample-086-L004_R1_001.fastq.gz,forward
C308b,/users/asorgen/SEQUENCES/16S_fastq/culture/CulSample-308-L004_R2_001.fastq.gz,reverse
C087,/users/asorgen/SEQUENCES/16S_fastq/culture/CulSample-087-L001_R1_001.fastq.gz,forward
C307b,/users/asorgen/SEQUENCES/16S_fastq/culture/CulSample-307-L004_R2_001.fastq.gz,reverse
C088,/users/asorgen/SEQUENCES/16S_fastq/culture/CulSample-088-L001_R1_001.fastq.gz,forward
C306b,/users/asorgen/SEQUENCES/16S_fastq/culture/CulSample-306-L004_R2_001.fastq.gz,reverse
C089,/users/asorgen/SEQUENCES/16S_fastq/culture/CulSample-089-L001_R1_001.fastq.gz,forward
C305b,/users/asorgen/SEQUENCES/16S_fastq/culture/CulSample-305-L004_R2_001.fastq.gz,reverse
C090,/users/asorgen/SEQUENCES/16S_fastq/culture/CulSample-090-L001_R1_001.fastq.gz,forward
C304b,/users/asorgen/SEQUENCES/16S_fastq/culture/CulSample-304-L004_R2_001.fastq.gz,reverse
C091,/users/asorgen/SEQUENCES/16S_fastq/culture/CulSample-091-L001_R1_001.fastq.gz,forward
C303,/users/asorgen/SEQUENCES/16S_fastq/culture/CulSample-303-L001_R2_001.fastq.gz,reverse
C092,/users/asorgen/SEQUENCES/16S_fastq/culture/CulSample-092-L001_R1_001.fastq.gz,forward
C301b,/users/asorgen/SEQUENCES/16S_fastq/culture/CulSample-301-L004_R2_001.fastq.gz,reverse
C093,/users/asorgen/SEQUENCES/16S_fastq/culture/CulSample-093-L001_R1_001.fastq.gz,forward
C029,/users/asorgen/SEQUENCES/16S_fastq/culture/CulSample-029-L001_R2_001.fastq.gz,reverse
C094,/users/asorgen/SEQUENCES/16S_fastq/culture/CulSample-094-L001_R1_001.fastq.gz,forward
C295b,/users/asorgen/SEQUENCES/16S_fastq/culture/CulSample-295-L004_R2_001.fastq.gz,reverse
C095,/users/asorgen/SEQUENCES/16S_fastq/culture/CulSample-095-L002_R1_001.fastq.gz,forward
C294b,/users/asorgen/SEQUENCES/16S_fastq/culture/CulSample-294-L004_R2_001.fastq.gz,reverse
C096,/users/asorgen/SEQUENCES/16S_fastq/culture/CulSample-096-L002_R1_001.fastq.gz,forward
C293b,/users/asorgen/SEQUENCES/16S_fastq/culture/CulSample-293-L004_R2_001.fastq.gz,reverse
C097,/users/asorgen/SEQUENCES/16S_fastq/culture/CulSample-097-L002_R1_001.fastq.gz,forward
C292b,/users/asorgen/SEQUENCES/16S_fastq/culture/CulSample-292-L004_R2_001.fastq.gz,reverse
C098,/users/asorgen/SEQUENCES/16S_fastq/culture/CulSample-098-L002_R1_001.fastq.gz,forward
C291b,/users/asorgen/SEQUENCES/16S_fastq/culture/CulSample-291-L004_R2_001.fastq.gz,reverse
C099,/users/asorgen/SEQUENCES/16S_fastq/culture/CulSample-099-L002_R1_001.fastq.gz,forward
C028,/users/asorgen/SEQUENCES/16S_fastq/culture/CulSample-028-L001_R2_001.fastq.gz,reverse
C100,/users/asorgen/SEQUENCES/16S_fastq/culture/CulSample-100-L002_R1_001.fastq.gz,forward
C289b,/users/asorgen/SEQUENCES/16S_fastq/culture/CulSample-289-L004_R2_001.fastq.gz,reverse
C101,/users/asorgen/SEQUENCES/16S_fastq/culture/CulSample-101-L002_R1_001.fastq.gz,forward
C288b,/users/asorgen/SEQUENCES/16S_fastq/culture/CulSample-288-L004_R2_001.fastq.gz,reverse
C102,/users/asorgen/SEQUENCES/16S_fastq/culture/CulSample-102-L002_R1_001.fastq.gz,forward
C282,/users/asorgen/SEQUENCES/16S_fastq/culture/CulSample-282-L001_R2_001.fastq.gz,reverse
C103,/users/asorgen/SEQUENCES/16S_fastq/culture/CulSample-103-L002_R1_001.fastq.gz,forward
C027,/users/asorgen/SEQUENCES/16S_fastq/culture/CulSample-027-L001_R2_001.fastq.gz,reverse
C104,/users/asorgen/SEQUENCES/16S_fastq/culture/CulSample-104-L002_R1_001.fastq.gz,forward
C026,/users/asorgen/SEQUENCES/16S_fastq/culture/CulSample-026-L001_R2_001.fastq.gz,reverse
C105,/users/asorgen/SEQUENCES/16S_fastq/culture/CulSample-105-L002_R1_001.fastq.gz,forward
C266,/users/asorgen/SEQUENCES/16S_fastq/culture/CulSample-266-L001_R2_001.fastq.gz,reverse
C106,/users/asorgen/SEQUENCES/16S_fastq/culture/CulSample-106-L002_R1_001.fastq.gz,forward
C265,/users/asorgen/SEQUENCES/16S_fastq/culture/CulSample-265-L001_R2_001.fastq.gz,reverse
C107,/users/asorgen/SEQUENCES/16S_fastq/culture/CulSample-107-L004_R1_001.fastq.gz,forward
C025,/users/asorgen/SEQUENCES/16S_fastq/culture/CulSample-025-L001_R2_001.fastq.gz,reverse
C108,/users/asorgen/SEQUENCES/16S_fastq/culture/CulSample-108-L004_R1_001.fastq.gz,forward
C024,/users/asorgen/SEQUENCES/16S_fastq/culture/CulSample-024-L001_R2_001.fastq.gz,reverse
C109,/users/asorgen/SEQUENCES/16S_fastq/culture/CulSample-109-L004_R1_001.fastq.gz,forward
C023,/users/asorgen/SEQUENCES/16S_fastq/culture/CulSample-023-L001_R2_001.fastq.gz,reverse
C110,/users/asorgen/SEQUENCES/16S_fastq/culture/CulSample-110-L004_R1_001.fastq.gz,forward
C021,/users/asorgen/SEQUENCES/16S_fastq/culture/CulSample-021-L001_R2_001.fastq.gz,reverse
C111,/users/asorgen/SEQUENCES/16S_fastq/culture/CulSample-111-L004_R1_001.fastq.gz,forward
C020,/users/asorgen/SEQUENCES/16S_fastq/culture/CulSample-020-L001_R2_001.fastq.gz,reverse
C112,/users/asorgen/SEQUENCES/16S_fastq/culture/CulSample-112-L004_R1_001.fastq.gz,forward
C019,/users/asorgen/SEQUENCES/16S_fastq/culture/CulSample-019-L001_R2_001.fastq.gz,reverse
C113,/users/asorgen/SEQUENCES/16S_fastq/culture/CulSample-113-L004_R1_001.fastq.gz,forward
C018,/users/asorgen/SEQUENCES/16S_fastq/culture/CulSample-018-L001_R2_001.fastq.gz,reverse
C114,/users/asorgen/SEQUENCES/16S_fastq/culture/CulSample-114-L004_R1_001.fastq.gz,forward
C188,/users/asorgen/SEQUENCES/16S_fastq/culture/CulSample-188-L002_R2_001.fastq.gz,reverse
C115,/users/asorgen/SEQUENCES/16S_fastq/culture/CulSample-115-L004_R1_001.fastq.gz,forward
C187,/users/asorgen/SEQUENCES/16S_fastq/culture/CulSample-187-L002_R2_001.fastq.gz,reverse
C116,/users/asorgen/SEQUENCES/16S_fastq/culture/CulSample-116-L002_R1_001.fastq.gz,forward
C186,/users/asorgen/SEQUENCES/16S_fastq/culture/CulSample-186-L002_R2_001.fastq.gz,reverse
C117,/users/asorgen/SEQUENCES/16S_fastq/culture/CulSample-117-L002_R1_001.fastq.gz,forward
C185,/users/asorgen/SEQUENCES/16S_fastq/culture/CulSample-185-L002_R2_001.fastq.gz,reverse
C118,/users/asorgen/SEQUENCES/16S_fastq/culture/CulSample-118-L004_R1_001.fastq.gz,forward
C184,/users/asorgen/SEQUENCES/16S_fastq/culture/CulSample-184-L002_R2_001.fastq.gz,reverse
C119,/users/asorgen/SEQUENCES/16S_fastq/culture/CulSample-119-L004_R1_001.fastq.gz,forward
C183,/users/asorgen/SEQUENCES/16S_fastq/culture/CulSample-183-L002_R2_001.fastq.gz,reverse
C121,/users/asorgen/SEQUENCES/16S_fastq/culture/CulSample-121-L004_R1_001.fastq.gz,forward
C180,/users/asorgen/SEQUENCES/16S_fastq/culture/CulSample-180-L002_R2_001.fastq.gz,reverse
C124,/users/asorgen/SEQUENCES/16S_fastq/culture/CulSample-124-L002_R1_001.fastq.gz,forward
C017,/users/asorgen/SEQUENCES/16S_fastq/culture/CulSample-017-L001_R2_001.fastq.gz,reverse
C125,/users/asorgen/SEQUENCES/16S_fastq/culture/CulSample-125-L002_R1_001.fastq.gz,forward
C179,/users/asorgen/SEQUENCES/16S_fastq/culture/CulSample-179-L002_R2_001.fastq.gz,reverse
C126,/users/asorgen/SEQUENCES/16S_fastq/culture/CulSample-126-L002_R1_001.fastq.gz,forward
C177,/users/asorgen/SEQUENCES/16S_fastq/culture/CulSample-177-L002_R2_001.fastq.gz,reverse
C129,/users/asorgen/SEQUENCES/16S_fastq/culture/CulSample-129-L002_R1_001.fastq.gz,forward
C176,/users/asorgen/SEQUENCES/16S_fastq/culture/CulSample-176-L002_R2_001.fastq.gz,reverse
C130,/users/asorgen/SEQUENCES/16S_fastq/culture/CulSample-130-L002_R1_001.fastq.gz,forward
C175,/users/asorgen/SEQUENCES/16S_fastq/culture/CulSample-175-L002_R2_001.fastq.gz,reverse
C131,/users/asorgen/SEQUENCES/16S_fastq/culture/CulSample-131-L002_R1_001.fastq.gz,forward
C174,/users/asorgen/SEQUENCES/16S_fastq/culture/CulSample-174-L002_R2_001.fastq.gz,reverse
C133,/users/asorgen/SEQUENCES/16S_fastq/culture/CulSample-133-L002_R1_001.fastq.gz,forward
C173,/users/asorgen/SEQUENCES/16S_fastq/culture/CulSample-173-L002_R2_001.fastq.gz,reverse
C134,/users/asorgen/SEQUENCES/16S_fastq/culture/CulSample-134-L002_R1_001.fastq.gz,forward
C172,/users/asorgen/SEQUENCES/16S_fastq/culture/CulSample-172-L002_R2_001.fastq.gz,reverse
C135,/users/asorgen/SEQUENCES/16S_fastq/culture/CulSample-135-L002_R1_001.fastq.gz,forward
C171,/users/asorgen/SEQUENCES/16S_fastq/culture/CulSample-171-L002_R2_001.fastq.gz,reverse
C136,/users/asorgen/SEQUENCES/16S_fastq/culture/CulSample-136-L002_R1_001.fastq.gz,forward
C170,/users/asorgen/SEQUENCES/16S_fastq/culture/CulSample-170-L002_R2_001.fastq.gz,reverse
C137,/users/asorgen/SEQUENCES/16S_fastq/culture/CulSample-137-L002_R1_001.fastq.gz,forward
C016,/users/asorgen/SEQUENCES/16S_fastq/culture/CulSample-016-L001_R2_001.fastq.gz,reverse
C139,/users/asorgen/SEQUENCES/16S_fastq/culture/CulSample-139-L002_R1_001.fastq.gz,forward
C168,/users/asorgen/SEQUENCES/16S_fastq/culture/CulSample-168-L002_R2_001.fastq.gz,reverse
C140,/users/asorgen/SEQUENCES/16S_fastq/culture/CulSample-140-L002_R1_001.fastq.gz,forward
C167,/users/asorgen/SEQUENCES/16S_fastq/culture/CulSample-167-L002_R2_001.fastq.gz,reverse
C141,/users/asorgen/SEQUENCES/16S_fastq/culture/CulSample-141-L002_R1_001.fastq.gz,forward
C166,/users/asorgen/SEQUENCES/16S_fastq/culture/CulSample-166-L002_R2_001.fastq.gz,reverse
C142,/users/asorgen/SEQUENCES/16S_fastq/culture/CulSample-142-L004_R1_001.fastq.gz,forward
C165,/users/asorgen/SEQUENCES/16S_fastq/culture/CulSample-165-L002_R2_001.fastq.gz,reverse
C143,/users/asorgen/SEQUENCES/16S_fastq/culture/CulSample-143-L004_R1_001.fastq.gz,forward
C164,/users/asorgen/SEQUENCES/16S_fastq/culture/CulSample-164-L002_R2_001.fastq.gz,reverse
C144,/users/asorgen/SEQUENCES/16S_fastq/culture/CulSample-144-L002_R1_001.fastq.gz,forward
C163,/users/asorgen/SEQUENCES/16S_fastq/culture/CulSample-163-L002_R2_001.fastq.gz,reverse
C145,/users/asorgen/SEQUENCES/16S_fastq/culture/CulSample-145-L002_R1_001.fastq.gz,forward
C162,/users/asorgen/SEQUENCES/16S_fastq/culture/CulSample-162-L002_R2_001.fastq.gz,reverse
C146,/users/asorgen/SEQUENCES/16S_fastq/culture/CulSample-146-L002_R1_001.fastq.gz,forward
C161,/users/asorgen/SEQUENCES/16S_fastq/culture/CulSample-161-L002_R2_001.fastq.gz,reverse
C147,/users/asorgen/SEQUENCES/16S_fastq/culture/CulSample-147-L002_R1_001.fastq.gz,forward
C015,/users/asorgen/SEQUENCES/16S_fastq/culture/CulSample-015-L001_R2_001.fastq.gz,reverse
C148,/users/asorgen/SEQUENCES/16S_fastq/culture/CulSample-148-L002_R1_001.fastq.gz,forward
C159,/users/asorgen/SEQUENCES/16S_fastq/culture/CulSample-159-L002_R2_001.fastq.gz,reverse
C149,/users/asorgen/SEQUENCES/16S_fastq/culture/CulSample-149-L002_R1_001.fastq.gz,forward
C158,/users/asorgen/SEQUENCES/16S_fastq/culture/CulSample-158-L002_R2_001.fastq.gz,reverse
C150,/users/asorgen/SEQUENCES/16S_fastq/culture/CulSample-150-L002_R1_001.fastq.gz,forward
C157,/users/asorgen/SEQUENCES/16S_fastq/culture/CulSample-157-L002_R2_001.fastq.gz,reverse
C151,/users/asorgen/SEQUENCES/16S_fastq/culture/CulSample-151-L002_R1_001.fastq.gz,forward
C156,/users/asorgen/SEQUENCES/16S_fastq/culture/CulSample-156-L002_R2_001.fastq.gz,reverse
C152,/users/asorgen/SEQUENCES/16S_fastq/culture/CulSample-152-L002_R1_001.fastq.gz,forward
C155,/users/asorgen/SEQUENCES/16S_fastq/culture/CulSample-155-L002_R2_001.fastq.gz,reverse
C154,/users/asorgen/SEQUENCES/16S_fastq/culture/CulSample-154-L002_R1_001.fastq.gz,forward
C154,/users/asorgen/SEQUENCES/16S_fastq/culture/CulSample-154-L002_R2_001.fastq.gz,reverse
C155,/users/asorgen/SEQUENCES/16S_fastq/culture/CulSample-155-L002_R1_001.fastq.gz,forward
C152,/users/asorgen/SEQUENCES/16S_fastq/culture/CulSample-152-L002_R2_001.fastq.gz,reverse
C156,/users/asorgen/SEQUENCES/16S_fastq/culture/CulSample-156-L002_R1_001.fastq.gz,forward
C151,/users/asorgen/SEQUENCES/16S_fastq/culture/CulSample-151-L002_R2_001.fastq.gz,reverse
C157,/users/asorgen/SEQUENCES/16S_fastq/culture/CulSample-157-L002_R1_001.fastq.gz,forward
C150,/users/asorgen/SEQUENCES/16S_fastq/culture/CulSample-150-L002_R2_001.fastq.gz,reverse
C158,/users/asorgen/SEQUENCES/16S_fastq/culture/CulSample-158-L002_R1_001.fastq.gz,forward
C149,/users/asorgen/SEQUENCES/16S_fastq/culture/CulSample-149-L002_R2_001.fastq.gz,reverse
C159,/users/asorgen/SEQUENCES/16S_fastq/culture/CulSample-159-L002_R1_001.fastq.gz,forward
C148,/users/asorgen/SEQUENCES/16S_fastq/culture/CulSample-148-L002_R2_001.fastq.gz,reverse
C161,/users/asorgen/SEQUENCES/16S_fastq/culture/CulSample-161-L002_R1_001.fastq.gz,forward
C147,/users/asorgen/SEQUENCES/16S_fastq/culture/CulSample-147-L002_R2_001.fastq.gz,reverse
C162,/users/asorgen/SEQUENCES/16S_fastq/culture/CulSample-162-L002_R1_001.fastq.gz,forward
C146,/users/asorgen/SEQUENCES/16S_fastq/culture/CulSample-146-L002_R2_001.fastq.gz,reverse
C163,/users/asorgen/SEQUENCES/16S_fastq/culture/CulSample-163-L002_R1_001.fastq.gz,forward
C145,/users/asorgen/SEQUENCES/16S_fastq/culture/CulSample-145-L002_R2_001.fastq.gz,reverse
C164,/users/asorgen/SEQUENCES/16S_fastq/culture/CulSample-164-L002_R1_001.fastq.gz,forward
C144,/users/asorgen/SEQUENCES/16S_fastq/culture/CulSample-144-L002_R2_001.fastq.gz,reverse
C165,/users/asorgen/SEQUENCES/16S_fastq/culture/CulSample-165-L002_R1_001.fastq.gz,forward
C141,/users/asorgen/SEQUENCES/16S_fastq/culture/CulSample-141-L002_R2_001.fastq.gz,reverse
C166,/users/asorgen/SEQUENCES/16S_fastq/culture/CulSample-166-L002_R1_001.fastq.gz,forward
C140,/users/asorgen/SEQUENCES/16S_fastq/culture/CulSample-140-L002_R2_001.fastq.gz,reverse
C167,/users/asorgen/SEQUENCES/16S_fastq/culture/CulSample-167-L002_R1_001.fastq.gz,forward
C139,/users/asorgen/SEQUENCES/16S_fastq/culture/CulSample-139-L002_R2_001.fastq.gz,reverse
C168,/users/asorgen/SEQUENCES/16S_fastq/culture/CulSample-168-L002_R1_001.fastq.gz,forward
C137,/users/asorgen/SEQUENCES/16S_fastq/culture/CulSample-137-L002_R2_001.fastq.gz,reverse
C170,/users/asorgen/SEQUENCES/16S_fastq/culture/CulSample-170-L002_R1_001.fastq.gz,forward
C136,/users/asorgen/SEQUENCES/16S_fastq/culture/CulSample-136-L002_R2_001.fastq.gz,reverse
C171,/users/asorgen/SEQUENCES/16S_fastq/culture/CulSample-171-L002_R1_001.fastq.gz,forward
C135,/users/asorgen/SEQUENCES/16S_fastq/culture/CulSample-135-L002_R2_001.fastq.gz,reverse
C172,/users/asorgen/SEQUENCES/16S_fastq/culture/CulSample-172-L002_R1_001.fastq.gz,forward
C134,/users/asorgen/SEQUENCES/16S_fastq/culture/CulSample-134-L002_R2_001.fastq.gz,reverse
C173,/users/asorgen/SEQUENCES/16S_fastq/culture/CulSample-173-L002_R1_001.fastq.gz,forward
C133,/users/asorgen/SEQUENCES/16S_fastq/culture/CulSample-133-L002_R2_001.fastq.gz,reverse
C174,/users/asorgen/SEQUENCES/16S_fastq/culture/CulSample-174-L002_R1_001.fastq.gz,forward
C131,/users/asorgen/SEQUENCES/16S_fastq/culture/CulSample-131-L002_R2_001.fastq.gz,reverse
C175,/users/asorgen/SEQUENCES/16S_fastq/culture/CulSample-175-L002_R1_001.fastq.gz,forward
C130,/users/asorgen/SEQUENCES/16S_fastq/culture/CulSample-130-L002_R2_001.fastq.gz,reverse
C176,/users/asorgen/SEQUENCES/16S_fastq/culture/CulSample-176-L002_R1_001.fastq.gz,forward
C129,/users/asorgen/SEQUENCES/16S_fastq/culture/CulSample-129-L002_R2_001.fastq.gz,reverse
C177,/users/asorgen/SEQUENCES/16S_fastq/culture/CulSample-177-L002_R1_001.fastq.gz,forward
C126,/users/asorgen/SEQUENCES/16S_fastq/culture/CulSample-126-L002_R2_001.fastq.gz,reverse
C179,/users/asorgen/SEQUENCES/16S_fastq/culture/CulSample-179-L002_R1_001.fastq.gz,forward
C125,/users/asorgen/SEQUENCES/16S_fastq/culture/CulSample-125-L002_R2_001.fastq.gz,reverse
C180,/users/asorgen/SEQUENCES/16S_fastq/culture/CulSample-180-L002_R1_001.fastq.gz,forward
C124,/users/asorgen/SEQUENCES/16S_fastq/culture/CulSample-124-L002_R2_001.fastq.gz,reverse
C183,/users/asorgen/SEQUENCES/16S_fastq/culture/CulSample-183-L002_R1_001.fastq.gz,forward
C117,/users/asorgen/SEQUENCES/16S_fastq/culture/CulSample-117-L002_R2_001.fastq.gz,reverse
C184,/users/asorgen/SEQUENCES/16S_fastq/culture/CulSample-184-L002_R1_001.fastq.gz,forward
C116,/users/asorgen/SEQUENCES/16S_fastq/culture/CulSample-116-L002_R2_001.fastq.gz,reverse
C185,/users/asorgen/SEQUENCES/16S_fastq/culture/CulSample-185-L002_R1_001.fastq.gz,forward
C010b,/users/asorgen/SEQUENCES/16S_fastq/culture/CulSample-010b-L004_R2_001.fastq.gz,reverse
C186,/users/asorgen/SEQUENCES/16S_fastq/culture/CulSample-186-L002_R1_001.fastq.gz,forward
C106,/users/asorgen/SEQUENCES/16S_fastq/culture/CulSample-106-L002_R2_001.fastq.gz,reverse
C187,/users/asorgen/SEQUENCES/16S_fastq/culture/CulSample-187-L002_R1_001.fastq.gz,forward
C105,/users/asorgen/SEQUENCES/16S_fastq/culture/CulSample-105-L002_R2_001.fastq.gz,reverse
C188,/users/asorgen/SEQUENCES/16S_fastq/culture/CulSample-188-L002_R1_001.fastq.gz,forward
C104,/users/asorgen/SEQUENCES/16S_fastq/culture/CulSample-104-L002_R2_001.fastq.gz,reverse
C189,/users/asorgen/SEQUENCES/16S_fastq/culture/CulSample-189-L001_R1_001.fastq.gz,forward
C103,/users/asorgen/SEQUENCES/16S_fastq/culture/CulSample-103-L002_R2_001.fastq.gz,reverse
C190,/users/asorgen/SEQUENCES/16S_fastq/culture/CulSample-190-L001_R1_001.fastq.gz,forward
C102,/users/asorgen/SEQUENCES/16S_fastq/culture/CulSample-102-L002_R2_001.fastq.gz,reverse
C191,/users/asorgen/SEQUENCES/16S_fastq/culture/CulSample-191-L001_R1_001.fastq.gz,forward
C101,/users/asorgen/SEQUENCES/16S_fastq/culture/CulSample-101-L002_R2_001.fastq.gz,reverse
C192,/users/asorgen/SEQUENCES/16S_fastq/culture/CulSample-192-L001_R1_001.fastq.gz,forward
C100,/users/asorgen/SEQUENCES/16S_fastq/culture/CulSample-100-L002_R2_001.fastq.gz,reverse
C193,/users/asorgen/SEQUENCES/16S_fastq/culture/CulSample-193-L001_R1_001.fastq.gz,forward
C086,/users/asorgen/SEQUENCES/16S_fastq/culture/CulSample-086-L004_R2_001.fastq.gz,reverse
C194,/users/asorgen/SEQUENCES/16S_fastq/culture/CulSample-194-L001_R1_001.fastq.gz,forward
C007,/users/asorgen/SEQUENCES/16S_fastq/culture/CulSample-007-L004_R2_001.fastq.gz,reverse
C195,/users/asorgen/SEQUENCES/16S_fastq/culture/CulSample-195-L001_R1_001.fastq.gz,forward
C006,/users/asorgen/SEQUENCES/16S_fastq/culture/CulSample-006-L004_R2_001.fastq.gz,reverse
C196,/users/asorgen/SEQUENCES/16S_fastq/culture/CulSample-196-L001_R1_001.fastq.gz,forward
C005,/users/asorgen/SEQUENCES/16S_fastq/culture/CulSample-005-L004_R2_001.fastq.gz,reverse
C197,/users/asorgen/SEQUENCES/16S_fastq/culture/CulSample-197-L001_R1_001.fastq.gz,forward
C004,/users/asorgen/SEQUENCES/16S_fastq/culture/CulSample-004-L004_R2_001.fastq.gz,reverse
C198,/users/asorgen/SEQUENCES/16S_fastq/culture/CulSample-198-L001_R1_001.fastq.gz,forward
C003,/users/asorgen/SEQUENCES/16S_fastq/culture/CulSample-003-L004_R2_001.fastq.gz,reverse
C199,/users/asorgen/SEQUENCES/16S_fastq/culture/CulSample-199-L001_R1_001.fastq.gz,forward
C340,/users/asorgen/SEQUENCES/16S_fastq/culture/CulSample-340-L004_R2_001.fastq.gz,reverse
C200,/users/asorgen/SEQUENCES/16S_fastq/culture/CulSample-200-L001_R1_001.fastq.gz,forward
C334,/users/asorgen/SEQUENCES/16S_fastq/culture/CulSample-334-L002_R2_001.fastq.gz,reverse
C201,/users/asorgen/SEQUENCES/16S_fastq/culture/CulSample-201-L001_R1_001.fastq.gz,forward
C333,/users/asorgen/SEQUENCES/16S_fastq/culture/CulSample-333-L002_R2_001.fastq.gz,reverse
C202,/users/asorgen/SEQUENCES/16S_fastq/culture/CulSample-202-L001_R1_001.fastq.gz,forward
C327,/users/asorgen/SEQUENCES/16S_fastq/culture/CulSample-327-L004_R2_001.fastq.gz,reverse
C204,/users/asorgen/SEQUENCES/16S_fastq/culture/CulSample-204-L001_R1_001.fastq.gz,forward
C326,/users/asorgen/SEQUENCES/16S_fastq/culture/CulSample-326-L002_R2_001.fastq.gz,reverse
C205,/users/asorgen/SEQUENCES/16S_fastq/culture/CulSample-205-L001_R1_001.fastq.gz,forward
C323,/users/asorgen/SEQUENCES/16S_fastq/culture/CulSample-323-L002_R2_001.fastq.gz,reverse
C206,/users/asorgen/SEQUENCES/16S_fastq/culture/CulSample-206-L001_R1_001.fastq.gz,forward
C322,/users/asorgen/SEQUENCES/16S_fastq/culture/CulSample-322-L002_R2_001.fastq.gz,reverse
C207,/users/asorgen/SEQUENCES/16S_fastq/culture/CulSample-207-L001_R1_001.fastq.gz,forward
C321,/users/asorgen/SEQUENCES/16S_fastq/culture/CulSample-321-L002_R2_001.fastq.gz,reverse
C208,/users/asorgen/SEQUENCES/16S_fastq/culture/CulSample-208-L001_R1_001.fastq.gz,forward
C320,/users/asorgen/SEQUENCES/16S_fastq/culture/CulSample-320-L002_R2_001.fastq.gz,reverse
C209,/users/asorgen/SEQUENCES/16S_fastq/culture/CulSample-209-L001_R1_001.fastq.gz,forward
C319,/users/asorgen/SEQUENCES/16S_fastq/culture/CulSample-319-L002_R2_001.fastq.gz,reverse
C210,/users/asorgen/SEQUENCES/16S_fastq/culture/CulSample-210-L001_R1_001.fastq.gz,forward
C317,/users/asorgen/SEQUENCES/16S_fastq/culture/CulSample-317-L002_R2_001.fastq.gz,reverse
C211,/users/asorgen/SEQUENCES/16S_fastq/culture/CulSample-211-L001_R1_001.fastq.gz,forward
C316,/users/asorgen/SEQUENCES/16S_fastq/culture/CulSample-316-L002_R2_001.fastq.gz,reverse
C212,/users/asorgen/SEQUENCES/16S_fastq/culture/CulSample-212-L001_R1_001.fastq.gz,forward
C314,/users/asorgen/SEQUENCES/16S_fastq/culture/CulSample-314-L002_R2_001.fastq.gz,reverse
C213,/users/asorgen/SEQUENCES/16S_fastq/culture/CulSample-213-L001_R1_001.fastq.gz,forward
C313,/users/asorgen/SEQUENCES/16S_fastq/culture/CulSample-313-L002_R2_001.fastq.gz,reverse
C214,/users/asorgen/SEQUENCES/16S_fastq/culture/CulSample-214-L001_R1_001.fastq.gz,forward
C308,/users/asorgen/SEQUENCES/16S_fastq/culture/CulSample-308-L002_R2_001.fastq.gz,reverse
C215,/users/asorgen/SEQUENCES/16S_fastq/culture/CulSample-215-L004_R1_001.fastq.gz,forward
C307,/users/asorgen/SEQUENCES/16S_fastq/culture/CulSample-307-L002_R2_001.fastq.gz,reverse
C216,/users/asorgen/SEQUENCES/16S_fastq/culture/CulSample-216-L004_R1_001.fastq.gz,forward
C306,/users/asorgen/SEQUENCES/16S_fastq/culture/CulSample-306-L002_R2_001.fastq.gz,reverse
C217,/users/asorgen/SEQUENCES/16S_fastq/culture/CulSample-217-L004_R1_001.fastq.gz,forward
C305,/users/asorgen/SEQUENCES/16S_fastq/culture/CulSample-305-L002_R2_001.fastq.gz,reverse
C218,/users/asorgen/SEQUENCES/16S_fastq/culture/CulSample-218-L004_R1_001.fastq.gz,forward
C304,/users/asorgen/SEQUENCES/16S_fastq/culture/CulSample-304-L002_R2_001.fastq.gz,reverse
C219,/users/asorgen/SEQUENCES/16S_fastq/culture/CulSample-219-L001_R1_001.fastq.gz,forward
C301,/users/asorgen/SEQUENCES/16S_fastq/culture/CulSample-301-L002_R2_001.fastq.gz,reverse
C220,/users/asorgen/SEQUENCES/16S_fastq/culture/CulSample-220-L004_R1_001.fastq.gz,forward
C002,/users/asorgen/SEQUENCES/16S_fastq/culture/CulSample-002-L004_R2_001.fastq.gz,reverse
C221,/users/asorgen/SEQUENCES/16S_fastq/culture/CulSample-221-L004_R1_001.fastq.gz,forward
C295,/users/asorgen/SEQUENCES/16S_fastq/culture/CulSample-295-L002_R2_001.fastq.gz,reverse
C222,/users/asorgen/SEQUENCES/16S_fastq/culture/CulSample-222-L004_R1_001.fastq.gz,forward
C294,/users/asorgen/SEQUENCES/16S_fastq/culture/CulSample-294-L002_R2_001.fastq.gz,reverse
C223,/users/asorgen/SEQUENCES/16S_fastq/culture/CulSample-223-L004_R1_001.fastq.gz,forward
C293,/users/asorgen/SEQUENCES/16S_fastq/culture/CulSample-293-L002_R2_001.fastq.gz,reverse
C224,/users/asorgen/SEQUENCES/16S_fastq/culture/CulSample-224-L004_R1_001.fastq.gz,forward
C292,/users/asorgen/SEQUENCES/16S_fastq/culture/CulSample-292-L002_R2_001.fastq.gz,reverse
C225,/users/asorgen/SEQUENCES/16S_fastq/culture/CulSample-225-L004_R1_001.fastq.gz,forward
C291,/users/asorgen/SEQUENCES/16S_fastq/culture/CulSample-291-L002_R2_001.fastq.gz,reverse
C226,/users/asorgen/SEQUENCES/16S_fastq/culture/CulSample-226-L004_R1_001.fastq.gz,forward
C289,/users/asorgen/SEQUENCES/16S_fastq/culture/CulSample-289-L002_R2_001.fastq.gz,reverse
C227,/users/asorgen/SEQUENCES/16S_fastq/culture/CulSample-227-L004_R1_001.fastq.gz,forward
C288,/users/asorgen/SEQUENCES/16S_fastq/culture/CulSample-288-L002_R2_001.fastq.gz,reverse
C228,/users/asorgen/SEQUENCES/16S_fastq/culture/CulSample-228-L004_R1_001.fastq.gz,forward
C287,/users/asorgen/SEQUENCES/16S_fastq/culture/CulSample-287-L001_R2_001.fastq.gz,reverse
C229,/users/asorgen/SEQUENCES/16S_fastq/culture/CulSample-229-L001_R1_001.fastq.gz,forward
C284,/users/asorgen/SEQUENCES/16S_fastq/culture/CulSample-284-L001_R2_001.fastq.gz,reverse
C230,/users/asorgen/SEQUENCES/16S_fastq/culture/CulSample-230-L001_R1_001.fastq.gz,forward
C283,/users/asorgen/SEQUENCES/16S_fastq/culture/CulSample-283-L001_R2_001.fastq.gz,reverse
C231,/users/asorgen/SEQUENCES/16S_fastq/culture/CulSample-231-L001_R1_001.fastq.gz,forward
C281,/users/asorgen/SEQUENCES/16S_fastq/culture/CulSample-281-L001_R2_001.fastq.gz,reverse
C232,/users/asorgen/SEQUENCES/16S_fastq/culture/CulSample-232-L001_R1_001.fastq.gz,forward
C280,/users/asorgen/SEQUENCES/16S_fastq/culture/CulSample-280-L001_R2_001.fastq.gz,reverse
C233,/users/asorgen/SEQUENCES/16S_fastq/culture/CulSample-233-L001_R1_001.fastq.gz,forward
C278,/users/asorgen/SEQUENCES/16S_fastq/culture/CulSample-278-L001_R2_001.fastq.gz,reverse
C234,/users/asorgen/SEQUENCES/16S_fastq/culture/CulSample-234-L001_R1_001.fastq.gz,forward
C277,/users/asorgen/SEQUENCES/16S_fastq/culture/CulSample-277-L001_R2_001.fastq.gz,reverse
C235,/users/asorgen/SEQUENCES/16S_fastq/culture/CulSample-235-L001_R1_001.fastq.gz,forward
C275,/users/asorgen/SEQUENCES/16S_fastq/culture/CulSample-275-L001_R2_001.fastq.gz,reverse
C236,/users/asorgen/SEQUENCES/16S_fastq/culture/CulSample-236-L001_R1_001.fastq.gz,forward
C274,/users/asorgen/SEQUENCES/16S_fastq/culture/CulSample-274-L001_R2_001.fastq.gz,reverse
C237,/users/asorgen/SEQUENCES/16S_fastq/culture/CulSample-237-L001_R1_001.fastq.gz,forward
C272,/users/asorgen/SEQUENCES/16S_fastq/culture/CulSample-272-L001_R2_001.fastq.gz,reverse
C238,/users/asorgen/SEQUENCES/16S_fastq/culture/CulSample-238-L001_R1_001.fastq.gz,forward
C269,/users/asorgen/SEQUENCES/16S_fastq/culture/CulSample-269-L001_R2_001.fastq.gz,reverse
C239,/users/asorgen/SEQUENCES/16S_fastq/culture/CulSample-239-L001_R1_001.fastq.gz,forward
C268,/users/asorgen/SEQUENCES/16S_fastq/culture/CulSample-268-L001_R2_001.fastq.gz,reverse
C240,/users/asorgen/SEQUENCES/16S_fastq/culture/CulSample-240-L001_R1_001.fastq.gz,forward
C262,/users/asorgen/SEQUENCES/16S_fastq/culture/CulSample-262-L001_R2_001.fastq.gz,reverse
C241,/users/asorgen/SEQUENCES/16S_fastq/culture/CulSample-241-L001_R1_001.fastq.gz,forward
C261,/users/asorgen/SEQUENCES/16S_fastq/culture/CulSample-261-L001_R2_001.fastq.gz,reverse
C242,/users/asorgen/SEQUENCES/16S_fastq/culture/CulSample-242-L001_R1_001.fastq.gz,forward
C260,/users/asorgen/SEQUENCES/16S_fastq/culture/CulSample-260-L001_R2_001.fastq.gz,reverse
C243,/users/asorgen/SEQUENCES/16S_fastq/culture/CulSample-243-L001_R1_001.fastq.gz,forward
C259,/users/asorgen/SEQUENCES/16S_fastq/culture/CulSample-259-L001_R2_001.fastq.gz,reverse
C245,/users/asorgen/SEQUENCES/16S_fastq/culture/CulSample-245-L001_R1_001.fastq.gz,forward
C258,/users/asorgen/SEQUENCES/16S_fastq/culture/CulSample-258-L001_R2_001.fastq.gz,reverse
C246,/users/asorgen/SEQUENCES/16S_fastq/culture/CulSample-246-L001_R1_001.fastq.gz,forward
C257,/users/asorgen/SEQUENCES/16S_fastq/culture/CulSample-257-L001_R2_001.fastq.gz,reverse
C247,/users/asorgen/SEQUENCES/16S_fastq/culture/CulSample-247-L001_R1_001.fastq.gz,forward
C256,/users/asorgen/SEQUENCES/16S_fastq/culture/CulSample-256-L001_R2_001.fastq.gz,reverse
C248,/users/asorgen/SEQUENCES/16S_fastq/culture/CulSample-248-L001_R1_001.fastq.gz,forward
C255,/users/asorgen/SEQUENCES/16S_fastq/culture/CulSample-255-L001_R2_001.fastq.gz,reverse
C249,/users/asorgen/SEQUENCES/16S_fastq/culture/CulSample-249-L001_R1_001.fastq.gz,forward
C253,/users/asorgen/SEQUENCES/16S_fastq/culture/CulSample-253-L001_R2_001.fastq.gz,reverse
C250,/users/asorgen/SEQUENCES/16S_fastq/culture/CulSample-250-L001_R1_001.fastq.gz,forward
C252,/users/asorgen/SEQUENCES/16S_fastq/culture/CulSample-252-L001_R2_001.fastq.gz,reverse
C251,/users/asorgen/SEQUENCES/16S_fastq/culture/CulSample-251-L001_R1_001.fastq.gz,forward
C251,/users/asorgen/SEQUENCES/16S_fastq/culture/CulSample-251-L001_R2_001.fastq.gz,reverse
C252,/users/asorgen/SEQUENCES/16S_fastq/culture/CulSample-252-L001_R1_001.fastq.gz,forward
C250,/users/asorgen/SEQUENCES/16S_fastq/culture/CulSample-250-L001_R2_001.fastq.gz,reverse
C253,/users/asorgen/SEQUENCES/16S_fastq/culture/CulSample-253-L001_R1_001.fastq.gz,forward
C249,/users/asorgen/SEQUENCES/16S_fastq/culture/CulSample-249-L001_R2_001.fastq.gz,reverse
C255,/users/asorgen/SEQUENCES/16S_fastq/culture/CulSample-255-L001_R1_001.fastq.gz,forward
C248,/users/asorgen/SEQUENCES/16S_fastq/culture/CulSample-248-L001_R2_001.fastq.gz,reverse
C256,/users/asorgen/SEQUENCES/16S_fastq/culture/CulSample-256-L001_R1_001.fastq.gz,forward
C247,/users/asorgen/SEQUENCES/16S_fastq/culture/CulSample-247-L001_R2_001.fastq.gz,reverse
C257,/users/asorgen/SEQUENCES/16S_fastq/culture/CulSample-257-L001_R1_001.fastq.gz,forward
C246,/users/asorgen/SEQUENCES/16S_fastq/culture/CulSample-246-L001_R2_001.fastq.gz,reverse
C258,/users/asorgen/SEQUENCES/16S_fastq/culture/CulSample-258-L001_R1_001.fastq.gz,forward
C245,/users/asorgen/SEQUENCES/16S_fastq/culture/CulSample-245-L001_R2_001.fastq.gz,reverse
C259,/users/asorgen/SEQUENCES/16S_fastq/culture/CulSample-259-L001_R1_001.fastq.gz,forward
C243,/users/asorgen/SEQUENCES/16S_fastq/culture/CulSample-243-L001_R2_001.fastq.gz,reverse
C260,/users/asorgen/SEQUENCES/16S_fastq/culture/CulSample-260-L001_R1_001.fastq.gz,forward
C242,/users/asorgen/SEQUENCES/16S_fastq/culture/CulSample-242-L001_R2_001.fastq.gz,reverse
C261,/users/asorgen/SEQUENCES/16S_fastq/culture/CulSample-261-L001_R1_001.fastq.gz,forward
C241,/users/asorgen/SEQUENCES/16S_fastq/culture/CulSample-241-L001_R2_001.fastq.gz,reverse
C262,/users/asorgen/SEQUENCES/16S_fastq/culture/CulSample-262-L001_R1_001.fastq.gz,forward
C240,/users/asorgen/SEQUENCES/16S_fastq/culture/CulSample-240-L001_R2_001.fastq.gz,reverse
C265,/users/asorgen/SEQUENCES/16S_fastq/culture/CulSample-265-L001_R1_001.fastq.gz,forward
C239,/users/asorgen/SEQUENCES/16S_fastq/culture/CulSample-239-L001_R2_001.fastq.gz,reverse
C266,/users/asorgen/SEQUENCES/16S_fastq/culture/CulSample-266-L001_R1_001.fastq.gz,forward
C238,/users/asorgen/SEQUENCES/16S_fastq/culture/CulSample-238-L001_R2_001.fastq.gz,reverse
C268,/users/asorgen/SEQUENCES/16S_fastq/culture/CulSample-268-L001_R1_001.fastq.gz,forward
C237,/users/asorgen/SEQUENCES/16S_fastq/culture/CulSample-237-L001_R2_001.fastq.gz,reverse
C269,/users/asorgen/SEQUENCES/16S_fastq/culture/CulSample-269-L001_R1_001.fastq.gz,forward
C236,/users/asorgen/SEQUENCES/16S_fastq/culture/CulSample-236-L001_R2_001.fastq.gz,reverse
C272,/users/asorgen/SEQUENCES/16S_fastq/culture/CulSample-272-L001_R1_001.fastq.gz,forward
C235,/users/asorgen/SEQUENCES/16S_fastq/culture/CulSample-235-L001_R2_001.fastq.gz,reverse
C274,/users/asorgen/SEQUENCES/16S_fastq/culture/CulSample-274-L001_R1_001.fastq.gz,forward
C234,/users/asorgen/SEQUENCES/16S_fastq/culture/CulSample-234-L001_R2_001.fastq.gz,reverse
C275,/users/asorgen/SEQUENCES/16S_fastq/culture/CulSample-275-L001_R1_001.fastq.gz,forward
C233,/users/asorgen/SEQUENCES/16S_fastq/culture/CulSample-233-L001_R2_001.fastq.gz,reverse
C277,/users/asorgen/SEQUENCES/16S_fastq/culture/CulSample-277-L001_R1_001.fastq.gz,forward
C232,/users/asorgen/SEQUENCES/16S_fastq/culture/CulSample-232-L001_R2_001.fastq.gz,reverse
C278,/users/asorgen/SEQUENCES/16S_fastq/culture/CulSample-278-L001_R1_001.fastq.gz,forward
C231,/users/asorgen/SEQUENCES/16S_fastq/culture/CulSample-231-L001_R2_001.fastq.gz,reverse
C280,/users/asorgen/SEQUENCES/16S_fastq/culture/CulSample-280-L001_R1_001.fastq.gz,forward
C230,/users/asorgen/SEQUENCES/16S_fastq/culture/CulSample-230-L001_R2_001.fastq.gz,reverse
C281,/users/asorgen/SEQUENCES/16S_fastq/culture/CulSample-281-L001_R1_001.fastq.gz,forward
C229,/users/asorgen/SEQUENCES/16S_fastq/culture/CulSample-229-L001_R2_001.fastq.gz,reverse
C282,/users/asorgen/SEQUENCES/16S_fastq/culture/CulSample-282-L001_R1_001.fastq.gz,forward
C228,/users/asorgen/SEQUENCES/16S_fastq/culture/CulSample-228-L004_R2_001.fastq.gz,reverse
C283,/users/asorgen/SEQUENCES/16S_fastq/culture/CulSample-283-L001_R1_001.fastq.gz,forward
C227,/users/asorgen/SEQUENCES/16S_fastq/culture/CulSample-227-L004_R2_001.fastq.gz,reverse
C284,/users/asorgen/SEQUENCES/16S_fastq/culture/CulSample-284-L001_R1_001.fastq.gz,forward
C226,/users/asorgen/SEQUENCES/16S_fastq/culture/CulSample-226-L004_R2_001.fastq.gz,reverse
C287,/users/asorgen/SEQUENCES/16S_fastq/culture/CulSample-287-L001_R1_001.fastq.gz,forward
C225,/users/asorgen/SEQUENCES/16S_fastq/culture/CulSample-225-L004_R2_001.fastq.gz,reverse
C288b,/users/asorgen/SEQUENCES/16S_fastq/culture/CulSample-288-L004_R1_001.fastq.gz,forward
C224,/users/asorgen/SEQUENCES/16S_fastq/culture/CulSample-224-L004_R2_001.fastq.gz,reverse
C288,/users/asorgen/SEQUENCES/16S_fastq/culture/CulSample-288-L002_R1_001.fastq.gz,forward
C223,/users/asorgen/SEQUENCES/16S_fastq/culture/CulSample-223-L004_R2_001.fastq.gz,reverse
C289b,/users/asorgen/SEQUENCES/16S_fastq/culture/CulSample-289-L004_R1_001.fastq.gz,forward
C222,/users/asorgen/SEQUENCES/16S_fastq/culture/CulSample-222-L004_R2_001.fastq.gz,reverse
C289,/users/asorgen/SEQUENCES/16S_fastq/culture/CulSample-289-L002_R1_001.fastq.gz,forward
C221,/users/asorgen/SEQUENCES/16S_fastq/culture/CulSample-221-L004_R2_001.fastq.gz,reverse
C291b,/users/asorgen/SEQUENCES/16S_fastq/culture/CulSample-291-L004_R1_001.fastq.gz,forward
C220,/users/asorgen/SEQUENCES/16S_fastq/culture/CulSample-220-L004_R2_001.fastq.gz,reverse
C291,/users/asorgen/SEQUENCES/16S_fastq/culture/CulSample-291-L002_R1_001.fastq.gz,forward
C219,/users/asorgen/SEQUENCES/16S_fastq/culture/CulSample-219-L001_R2_001.fastq.gz,reverse
C292b,/users/asorgen/SEQUENCES/16S_fastq/culture/CulSample-292-L004_R1_001.fastq.gz,forward
C218,/users/asorgen/SEQUENCES/16S_fastq/culture/CulSample-218-L004_R2_001.fastq.gz,reverse
C292,/users/asorgen/SEQUENCES/16S_fastq/culture/CulSample-292-L002_R1_001.fastq.gz,forward
C217,/users/asorgen/SEQUENCES/16S_fastq/culture/CulSample-217-L004_R2_001.fastq.gz,reverse
C293b,/users/asorgen/SEQUENCES/16S_fastq/culture/CulSample-293-L004_R1_001.fastq.gz,forward
C216,/users/asorgen/SEQUENCES/16S_fastq/culture/CulSample-216-L004_R2_001.fastq.gz,reverse
C293,/users/asorgen/SEQUENCES/16S_fastq/culture/CulSample-293-L002_R1_001.fastq.gz,forward
C215,/users/asorgen/SEQUENCES/16S_fastq/culture/CulSample-215-L004_R2_001.fastq.gz,reverse
C294b,/users/asorgen/SEQUENCES/16S_fastq/culture/CulSample-294-L004_R1_001.fastq.gz,forward
C214,/users/asorgen/SEQUENCES/16S_fastq/culture/CulSample-214-L001_R2_001.fastq.gz,reverse
C294,/users/asorgen/SEQUENCES/16S_fastq/culture/CulSample-294-L002_R1_001.fastq.gz,forward
C213,/users/asorgen/SEQUENCES/16S_fastq/culture/CulSample-213-L001_R2_001.fastq.gz,reverse
C295b,/users/asorgen/SEQUENCES/16S_fastq/culture/CulSample-295-L004_R1_001.fastq.gz,forward
C212,/users/asorgen/SEQUENCES/16S_fastq/culture/CulSample-212-L001_R2_001.fastq.gz,reverse
C295,/users/asorgen/SEQUENCES/16S_fastq/culture/CulSample-295-L002_R1_001.fastq.gz,forward
C211,/users/asorgen/SEQUENCES/16S_fastq/culture/CulSample-211-L001_R2_001.fastq.gz,reverse
C301b,/users/asorgen/SEQUENCES/16S_fastq/culture/CulSample-301-L004_R1_001.fastq.gz,forward
C210,/users/asorgen/SEQUENCES/16S_fastq/culture/CulSample-210-L001_R2_001.fastq.gz,reverse
C301,/users/asorgen/SEQUENCES/16S_fastq/culture/CulSample-301-L002_R1_001.fastq.gz,forward
C209,/users/asorgen/SEQUENCES/16S_fastq/culture/CulSample-209-L001_R2_001.fastq.gz,reverse
C303,/users/asorgen/SEQUENCES/16S_fastq/culture/CulSample-303-L001_R1_001.fastq.gz,forward
C208,/users/asorgen/SEQUENCES/16S_fastq/culture/CulSample-208-L001_R2_001.fastq.gz,reverse
C304b,/users/asorgen/SEQUENCES/16S_fastq/culture/CulSample-304-L004_R1_001.fastq.gz,forward
C207,/users/asorgen/SEQUENCES/16S_fastq/culture/CulSample-207-L001_R2_001.fastq.gz,reverse
C304,/users/asorgen/SEQUENCES/16S_fastq/culture/CulSample-304-L002_R1_001.fastq.gz,forward
C206,/users/asorgen/SEQUENCES/16S_fastq/culture/CulSample-206-L001_R2_001.fastq.gz,reverse
C305b,/users/asorgen/SEQUENCES/16S_fastq/culture/CulSample-305-L004_R1_001.fastq.gz,forward
C205,/users/asorgen/SEQUENCES/16S_fastq/culture/CulSample-205-L001_R2_001.fastq.gz,reverse
C305,/users/asorgen/SEQUENCES/16S_fastq/culture/CulSample-305-L002_R1_001.fastq.gz,forward
C204,/users/asorgen/SEQUENCES/16S_fastq/culture/CulSample-204-L001_R2_001.fastq.gz,reverse
C306b,/users/asorgen/SEQUENCES/16S_fastq/culture/CulSample-306-L004_R1_001.fastq.gz,forward
C202,/users/asorgen/SEQUENCES/16S_fastq/culture/CulSample-202-L001_R2_001.fastq.gz,reverse
C306,/users/asorgen/SEQUENCES/16S_fastq/culture/CulSample-306-L002_R1_001.fastq.gz,forward
C201,/users/asorgen/SEQUENCES/16S_fastq/culture/CulSample-201-L001_R2_001.fastq.gz,reverse
C307b,/users/asorgen/SEQUENCES/16S_fastq/culture/CulSample-307-L004_R1_001.fastq.gz,forward
C200,/users/asorgen/SEQUENCES/16S_fastq/culture/CulSample-200-L001_R2_001.fastq.gz,reverse
C307,/users/asorgen/SEQUENCES/16S_fastq/culture/CulSample-307-L002_R1_001.fastq.gz,forward
C001,/users/asorgen/SEQUENCES/16S_fastq/culture/CulSample-001-L004_R2_001.fastq.gz,reverse
C308b,/users/asorgen/SEQUENCES/16S_fastq/culture/CulSample-308-L004_R1_001.fastq.gz,forward
C199,/users/asorgen/SEQUENCES/16S_fastq/culture/CulSample-199-L001_R2_001.fastq.gz,reverse
C308,/users/asorgen/SEQUENCES/16S_fastq/culture/CulSample-308-L002_R1_001.fastq.gz,forward
C198,/users/asorgen/SEQUENCES/16S_fastq/culture/CulSample-198-L001_R2_001.fastq.gz,reverse
C313b,/users/asorgen/SEQUENCES/16S_fastq/culture/CulSample-313-L004_R1_001.fastq.gz,forward
C197,/users/asorgen/SEQUENCES/16S_fastq/culture/CulSample-197-L001_R2_001.fastq.gz,reverse
C313,/users/asorgen/SEQUENCES/16S_fastq/culture/CulSample-313-L002_R1_001.fastq.gz,forward
C196,/users/asorgen/SEQUENCES/16S_fastq/culture/CulSample-196-L001_R2_001.fastq.gz,reverse
C314b,/users/asorgen/SEQUENCES/16S_fastq/culture/CulSample-314-L004_R1_001.fastq.gz,forward
C195,/users/asorgen/SEQUENCES/16S_fastq/culture/CulSample-195-L001_R2_001.fastq.gz,reverse
C314,/users/asorgen/SEQUENCES/16S_fastq/culture/CulSample-314-L002_R1_001.fastq.gz,forward
C194,/users/asorgen/SEQUENCES/16S_fastq/culture/CulSample-194-L001_R2_001.fastq.gz,reverse
C316b,/users/asorgen/SEQUENCES/16S_fastq/culture/CulSample-316-L004_R1_001.fastq.gz,forward
C193,/users/asorgen/SEQUENCES/16S_fastq/culture/CulSample-193-L001_R2_001.fastq.gz,reverse
C316,/users/asorgen/SEQUENCES/16S_fastq/culture/CulSample-316-L002_R1_001.fastq.gz,forward
C192,/users/asorgen/SEQUENCES/16S_fastq/culture/CulSample-192-L001_R2_001.fastq.gz,reverse
C317b,/users/asorgen/SEQUENCES/16S_fastq/culture/CulSample-317-L004_R1_001.fastq.gz,forward
C191,/users/asorgen/SEQUENCES/16S_fastq/culture/CulSample-191-L001_R2_001.fastq.gz,reverse
C317,/users/asorgen/SEQUENCES/16S_fastq/culture/CulSample-317-L002_R1_001.fastq.gz,forward
C190,/users/asorgen/SEQUENCES/16S_fastq/culture/CulSample-190-L001_R2_001.fastq.gz,reverse
C319b,/users/asorgen/SEQUENCES/16S_fastq/culture/CulSample-319-L004_R1_001.fastq.gz,forward
C189,/users/asorgen/SEQUENCES/16S_fastq/culture/CulSample-189-L001_R2_001.fastq.gz,reverse
C319,/users/asorgen/SEQUENCES/16S_fastq/culture/CulSample-319-L002_R1_001.fastq.gz,forward
C014,/users/asorgen/SEQUENCES/16S_fastq/culture/CulSample-014-L004_R2_001.fastq.gz,reverse
C320b,/users/asorgen/SEQUENCES/16S_fastq/culture/CulSample-320-L004_R1_001.fastq.gz,forward
C143,/users/asorgen/SEQUENCES/16S_fastq/culture/CulSample-143-L004_R2_001.fastq.gz,reverse
C320,/users/asorgen/SEQUENCES/16S_fastq/culture/CulSample-320-L002_R1_001.fastq.gz,forward
C142,/users/asorgen/SEQUENCES/16S_fastq/culture/CulSample-142-L004_R2_001.fastq.gz,reverse
C321b,/users/asorgen/SEQUENCES/16S_fastq/culture/CulSample-321-L004_R1_001.fastq.gz,forward
C013,/users/asorgen/SEQUENCES/16S_fastq/culture/CulSample-013-L004_R2_001.fastq.gz,reverse
C321,/users/asorgen/SEQUENCES/16S_fastq/culture/CulSample-321-L002_R1_001.fastq.gz,forward
C121,/users/asorgen/SEQUENCES/16S_fastq/culture/CulSample-121-L004_R2_001.fastq.gz,reverse
C322b,/users/asorgen/SEQUENCES/16S_fastq/culture/CulSample-322-L004_R1_001.fastq.gz,forward
C011,/users/asorgen/SEQUENCES/16S_fastq/culture/CulSample-011-L004_R2_001.fastq.gz,reverse
C322,/users/asorgen/SEQUENCES/16S_fastq/culture/CulSample-322-L002_R1_001.fastq.gz,forward
C119,/users/asorgen/SEQUENCES/16S_fastq/culture/CulSample-119-L004_R2_001.fastq.gz,reverse
C323b,/users/asorgen/SEQUENCES/16S_fastq/culture/CulSample-323-L004_R1_001.fastq.gz,forward
C118,/users/asorgen/SEQUENCES/16S_fastq/culture/CulSample-118-L004_R2_001.fastq.gz,reverse
C323,/users/asorgen/SEQUENCES/16S_fastq/culture/CulSample-323-L002_R1_001.fastq.gz,forward
C115,/users/asorgen/SEQUENCES/16S_fastq/culture/CulSample-115-L004_R2_001.fastq.gz,reverse
C326b,/users/asorgen/SEQUENCES/16S_fastq/culture/CulSample-326-L004_R1_001.fastq.gz,forward
C114,/users/asorgen/SEQUENCES/16S_fastq/culture/CulSample-114-L004_R2_001.fastq.gz,reverse
C326,/users/asorgen/SEQUENCES/16S_fastq/culture/CulSample-326-L002_R1_001.fastq.gz,forward
C113,/users/asorgen/SEQUENCES/16S_fastq/culture/CulSample-113-L004_R2_001.fastq.gz,reverse
C327,/users/asorgen/SEQUENCES/16S_fastq/culture/CulSample-327-L004_R1_001.fastq.gz,forward
C112,/users/asorgen/SEQUENCES/16S_fastq/culture/CulSample-112-L004_R2_001.fastq.gz,reverse
C330,/users/asorgen/SEQUENCES/16S_fastq/culture/CulSample-330-L005_R1_001.fastq.gz,forward
C111,/users/asorgen/SEQUENCES/16S_fastq/culture/CulSample-111-L004_R2_001.fastq.gz,reverse
C331,/users/asorgen/SEQUENCES/16S_fastq/culture/CulSample-331-L005_R1_001.fastq.gz,forward
C110,/users/asorgen/SEQUENCES/16S_fastq/culture/CulSample-110-L004_R2_001.fastq.gz,reverse
C333b,/users/asorgen/SEQUENCES/16S_fastq/culture/CulSample-333-L004_R1_001.fastq.gz,forward
C010,/users/asorgen/SEQUENCES/16S_fastq/culture/CulSample-010-L004_R2_001.fastq.gz,reverse
C333,/users/asorgen/SEQUENCES/16S_fastq/culture/CulSample-333-L002_R1_001.fastq.gz,forward
C109,/users/asorgen/SEQUENCES/16S_fastq/culture/CulSample-109-L004_R2_001.fastq.gz,reverse
C334b,/users/asorgen/SEQUENCES/16S_fastq/culture/CulSample-334-L004_R1_001.fastq.gz,forward
C108,/users/asorgen/SEQUENCES/16S_fastq/culture/CulSample-108-L004_R2_001.fastq.gz,reverse
C334,/users/asorgen/SEQUENCES/16S_fastq/culture/CulSample-334-L002_R1_001.fastq.gz,forward
C107,/users/asorgen/SEQUENCES/16S_fastq/culture/CulSample-107-L004_R2_001.fastq.gz,reverse
C340,/users/asorgen/SEQUENCES/16S_fastq/culture/CulSample-340-L004_R1_001.fastq.gz,forward